task,variant,source,trial,comparison_status,counts_for_score,reward,exception_type,valid_verifier_result,timeout_upload_result,result_path,wall_duration_sec,environment_setup_sec,agent_setup_sec,agent_execution_sec,verifier_sec,input_tokens,cache_tokens,output_tokens,token_usage_available,token_usage_source,total_input_output_tokens,uncached_input_tokens,uncached_input_output_tokens,cost_usd,kimi_session_id,kimi_wire_path,kimi_usage_turns,kimi_input_other_tokens,kimi_input_cache_read_tokens,kimi_input_cache_creation_tokens,kimi_llm_first_token_latency_ms_mean,kimi_llm_first_token_latency_ms_median,kimi_llm_stream_duration_ms_mean,kimi_llm_stream_duration_ms_median,kimi_llm_stream_duration_ms_sum,prompt_chars,previous_failure_chars,env_snapshot_chars,injected_context_chars,kimi_stdout_bytes,kimi_stream_events,kimi_tool_call_events,claude_log_bytes,claude_trajectory_steps
adaptive-rejection-sampler,without Meta-Harness,claude-code+kimi-k2.6,adaptive-rejection-sampler__7AAg4Pi,timeout_failure,False,0.0,AgentTimeoutError,True,True,/Users/hugo/Desktop/super-refactor/harbor/runs/tb21-kimi-k26-local-019e737a-colima16g-proxy/jobs/tb21-adaptive-rejection-sampler-claude-code-k6/adaptive-rejection-sampler__7AAg4Pi/result.json,916.35,0.798,1.518,900.002,3.798,254194,254154,30990,True,harbor_agent_result,285184,40,31030,,,,,,,,,,,,,,,,,,,,120054,11
adaptive-rejection-sampler,with Meta-Harness,kimi-code+kimi-for-coding,adaptive-rejection-sampler__Q4oCfYc,invalid_or_missing,False,,AgentTimeoutError,False,False,/Users/hugo/Projects/Harness-TrajecDebug/artifacts/harbor-runs/tb21-adaptive-rejection-sampler-kimicode-with-metaharness-20260611T012505/adaptive-rejection-sampler__Q4oCfYc/result.json,900.634,0.27,0.001,899.978,0.08,750496,702464,24234,True,kimi_session_wire,774730,48032,72266,,session_fbb34f56-b6a6-46fd-9d5a-cea18a02458d,/Users/hugo/.kimi-code/sessions/wd_kimi-code_6eeaa524c450/session_fbb34f56-b6a6-46fd-9d5a-cea18a02458d/agents/main/wire.jsonl,19,48032,702464,0,1931.842,1670.0,33987.105,3419.0,645755,10129,4468,987,5455,,,,,
bn-fit-modify,without Meta-Harness,claude-code+kimi-k2.6,bn-fit-modify__sCNsbRM,passed,True,1.0,,True,False,/Users/hugo/Desktop/super-refactor/harbor/runs/tb21-kimi-k26-local-019e737a-colima16g-proxy/jobs/tb21-bn-fit-modify-claude-code-k6/bn-fit-modify__sCNsbRM/result.json,620.68,156.509,1.486,293.67,158.584,498144,498040,17688,True,harbor_agent_result,515832,104,17792,,,,,,,,,,,,,,,,,,,,65589,27
break-filter-js-from-html,without Meta-Harness,claude-code+kimi-k2.6,break-filter-js-from-html__jJqdVr7,failed,False,0.0,,True,False,/Users/hugo/Desktop/super-refactor/harbor/runs/tb21-kimi-k26-local-019e737a-colima16g-proxy/jobs/tb21-break-filter-js-from-html-claude-code-k6/break-filter-js-from-html__jJqdVr7/result.json,541.032,377.444,1.413,31.0,120.829,19686,19674,1180,True,harbor_agent_result,20866,12,1192,,,,,,,,,,,,,,,,,,,,9957,4
break-filter-js-from-html,with Meta-Harness,kimi-code+kimi-for-coding,break-filter-js-from-html__8tP5yyX,timeout_failure,False,0.0,AgentTimeoutError,True,True,/Users/hugo/Projects/Harness-TrajecDebug/artifacts/harbor-runs/tb21-breakfilter-kimicode-with-metaharness-20260610T205109/break-filter-js-from-html__8tP5yyX/result.json,953.215,3.171,0.001,900.392,38.913,547005,484352,27855,True,kimi_session_wire,574860,62653,90508,,session_4a2d2426-bce9-47d9-95f9-6e7325873fb5,/Users/hugo/.kimi-code/sessions/wd_kimi-code_6eeaa524c450/session_4a2d2426-bce9-47d9-95f9-6e7325873fb5/agents/main/wire.jsonl,13,62653,484352,0,2666.538,2259.0,64000.308,46232.0,832004,6038,2235,1046,3281,,,,,
build-cython-ext,without Meta-Harness,claude-code+kimi-k2.6,build-cython-ext__FvYDwi7,passed,True,1.0,,True,False,/Users/hugo/Desktop/super-refactor/harbor/runs/tb21-kimi-k26-local-019e737a-colima16g-proxy/jobs/tb21-build-cython-ext-claude-code-k6/build-cython-ext__FvYDwi7/result.json,809.95,237.269,1.754,548.475,12.206,3675338,3674962,11312,True,harbor_agent_result,3686650,376,11688,,,,,,,,,,,,,,,,,,,,713205,95
build-pmars,without Meta-Harness,claude-code+kimi-k2.6,build-pmars__aLhKzNX,passed,True,1.0,,True,False,/Users/hugo/Desktop/super-refactor/harbor/runs/tb21-kimi-k26-local-019e737a-colima16g-proxy/jobs/tb21-build-pmars-claude-code-k6/build-pmars__aLhKzNX/result.json,379.003,89.052,1.566,225.761,52.38,1168195,1167983,8676,True,harbor_agent_result,1176871,212,8888,,,,,,,,,,,,,,,,,,,,160023,54
build-pov-ray,without Meta-Harness,claude-code+kimi-k2.6,build-pov-ray__ehChcRX,invalid_or_missing,False,,EnvironmentStartTimeoutError,False,False,/Users/hugo/Desktop/super-refactor/harbor/runs/tb21-kimi-k26-local-019e737a-colima16g-proxy/jobs/tb21-build-pov-ray-claude-code-k6/build-pov-ray__ehChcRX/result.json,1201.115,1201.009,,,,,,,False,,,,,,,,,,,,,,,,,,,,,,,,,
caffe-cifar-10,without Meta-Harness,claude-code+kimi-k2.6,caffe-cifar-10__FY65VhG,timeout_failure,False,0.0,AgentTimeoutError,True,True,/Users/hugo/Desktop/super-refactor/harbor/runs/tb21-kimi-k26-local-019e737a-colima16g-proxy/jobs/tb21-caffe-cifar-10-claude-code-k6/caffe-cifar-10__FY65VhG/result.json,4200.268,558.864,1.507,3600.003,29.659,710330,710166,5796,True,harbor_agent_result,716126,164,5960,,,,,,,,,,,,,,,,,,,,305527,42
cancel-async-tasks,without Meta-Harness,claude-code+kimi-k2.6,cancel-async-tasks__pdHm6Ub,failed,False,0.0,,True,False,/Users/hugo/Desktop/super-refactor/harbor/runs/tb21-kimi-k26-local-019e737a-colima16g-proxy/jobs/tb21-cancel-async-tasks-claude-code-k6/cancel-async-tasks__pdHm6Ub/result.json,273.058,0.87,1.781,108.755,150.647,39376,39360,9820,True,harbor_agent_result,49196,16,9836,,,,,,,,,,,,,,,,,,,,29393,5
cancel-async-tasks,with Meta-Harness,kimi-code+kimi-for-coding,cancel-async-tasks__UmqeHfc,passed,True,1.0,,True,False,/Users/hugo/Projects/Harness-TrajecDebug/docs/case-studies/kimi-code-cancel-async-tasks-metaharness-2026-06-10/raw/with-metaharness-4x/cancel-async-tasks__UmqeHfc/result.json,261.143,0.73,0.001,207.735,42.196,50884,36096,6443,True,kimi_session_wire,57327,14788,21231,,session_1a0eeb43-bbe1-453f-a0da-18b350d52a21,/Users/hugo/.kimi-code/sessions/wd_kimi-code_6eeaa524c450/session_1a0eeb43-bbe1-453f-a0da-18b350d52a21/agents/main/wire.jsonl,2,14788,36096,0,3378.0,3378.0,97438.0,97438.0,194876,3058,1160,489,1649,2058,4,2,,2
chess-best-move,without Meta-Harness,claude-code+kimi-k2.6,chess-best-move__YWzYkSZ,failed,False,0.0,,True,False,/Users/hugo/Desktop/super-refactor/harbor/runs/tb21-kimi-k26-local-019e737a-colima16g-proxy/jobs/tb21-chess-best-move-claude-code-k6/chess-best-move__YWzYkSZ/result.json,1745.222,836.341,1.455,772.35,124.3,39278,39254,83898,True,harbor_agent_result,123176,24,83922,,,,,,,,,,,,,,,,,,,,233483,7
chess-best-move,with Meta-Harness,kimi-code+kimi-for-coding,chess-best-move__MBoXvZy,timeout_failure,False,0.0,AgentTimeoutError,True,True,/Users/hugo/Projects/Harness-TrajecDebug/artifacts/harbor-runs/tb21-chess-best-move-kimicode-with-metaharness-20260610T195123/chess-best-move__MBoXvZy/result.json,648.379,0.439,0.001,600.611,36.608,731642,694528,18465,True,kimi_session_wire,750107,37114,55579,,session_604066cc-afd6-4e51-a6c5-988ada4d88f7,/Users/hugo/.kimi-code/sessions/wd_kimi-code_6eeaa524c450/session_604066cc-afd6-4e51-a6c5-988ada4d88f7/agents/main/wire.jsonl,22,37114,694528,0,1925.864,1670.0,23689.227,10916.5,521163,4563,1110,1019,2129,,,,,
circuit-fibsqrt,without Meta-Harness,claude-code+kimi-k2.6,circuit-fibsqrt__2ZkY6WZ,timeout_failure,False,0.0,AgentTimeoutError,True,True,/Users/hugo/Desktop/super-refactor/harbor/runs/tb21-kimi-k26-local-019e737a-colima16g-proxy/jobs/tb21-circuit-fibsqrt-claude-code-k6/circuit-fibsqrt__2ZkY6WZ/result.json,6058.859,831.172,1.381,3600.002,1616.05,6384432,6384156,264111,True,harbor_agent_result,6648543,276,264387,,,,,,,,,,,,,,,,,,,,910615,70
cobol-modernization,without Meta-Harness,claude-code+kimi-k2.6,cobol-modernization__jaM66zx,passed,True,1.0,,True,False,/Users/hugo/Desktop/super-refactor/harbor/runs/tb21-kimi-k26-local-019e737a-colima16g-proxy/jobs/tb21-cobol-modernization-claude-code-k6/cobol-modernization__jaM66zx/result.json,1366.015,852.583,1.468,398.309,103.457,1724222,1723946,30669,True,harbor_agent_result,1754891,276,30945,,,,,,,,,,,,,,,,,,,,129768,70
code-from-image,without Meta-Harness,claude-code+kimi-k2.6,code-from-image__9npVqSx,passed,True,1.0,,True,False,/Users/hugo/Desktop/super-refactor/harbor/runs/tb21-kimi-k26-local-019e737a-colima16g-proxy/jobs/tb21-code-from-image-claude-code-k6/code-from-image__9npVqSx/result.json,291.324,0.9,228.052,25.902,26.024,124098,124066,1556,True,harbor_agent_result,125654,32,1588,,,,,,,,,,,,,,,,,,,,263639,9
compile-compcert,without Meta-Harness,claude-code+kimi-k2.6,compile-compcert__KaRQKQb,timeout_failure,False,0.0,AgentTimeoutError,True,True,/Users/hugo/Desktop/super-refactor/harbor/runs/tb21-kimi-k26-local-019e737a-colima16g-proxy/jobs/tb21-compile-compcert-claude-code-k6/compile-compcert__KaRQKQb/result.json,2418.573,0.982,1.389,2400.003,5.916,258532,258444,2702,True,harbor_agent_result,261234,88,2790,,,,,,,,,,,,,,,,,,,,57102,23
configure-git-webserver,without Meta-Harness,claude-code+kimi-k2.6,configure-git-webserver__L3zL6Wm,failed,False,0.0,,True,False,/Users/hugo/Desktop/super-refactor/harbor/runs/tb21-kimi-k26-local-019e737a-colima16g-proxy/jobs/tb21-configure-git-webserver-claude-code-k6/configure-git-webserver__L3zL6Wm/result.json,718.374,26.622,311.298,255.566,113.799,1499990,1499742,8346,True,harbor_agent_result,1508336,248,8594,,,,,,,,,,,,,,,,,,,,130528,63
configure-git-webserver,with Meta-Harness,kimi-code+kimi-for-coding,configure-git-webserver__TcPkHzp,failed,False,0.0,,True,False,/Users/hugo/Projects/Harness-TrajecDebug/artifacts/harbor-runs/tb21-configure-git-webserver-kimicode-with-metaharness-20260610T212420/configure-git-webserver__TcPkHzp/result.json,604.636,109.693,0.001,426.406,57.741,749458,717824,11752,True,kimi_session_wire,761210,31634,43386,,session_4a035360-334e-445a-9d4f-26528a15b269,/Users/hugo/.kimi-code/sessions/wd_kimi-code_6eeaa524c450/session_4a035360-334e-445a-9d4f-26528a15b269/agents/main/wire.jsonl,23,31634,717824,0,1613.478,1484.0,14703.913,4993.0,338190,6893,3530,987,4517,41750,53,29,,2
constraints-scheduling,without Meta-Harness,claude-code+kimi-k2.6,constraints-scheduling__dQPru6v,passed,True,1.0,,True,False,/Users/hugo/Desktop/super-refactor/harbor/runs/tb21-kimi-k26-local-019e737a-colima16g-proxy/jobs/tb21-constraints-scheduling-claude-code-k6/constraints-scheduling__dQPru6v/result.json,574.04,74.357,278.976,156.558,52.763,84398,84366,12368,True,harbor_agent_result,96766,32,12400,,,,,,,,,,,,,,,,,,,,35726,9
count-dataset-tokens,without Meta-Harness,claude-code+kimi-k2.6,count-dataset-tokens__bMTDtbq,failed,False,0.0,,True,False,/Users/hugo/Desktop/super-refactor/harbor/runs/tb21-kimi-k26-local-019e737a-colima16g-proxy/jobs/tb21-count-dataset-tokens-claude-code-k6/count-dataset-tokens__bMTDtbq/result.json,650.079,2.057,243.623,366.166,26.421,553846,553734,6554,True,harbor_agent_result,560400,112,6666,,,,,,,,,,,,,,,,,,,,81294,29
count-dataset-tokens,with Meta-Harness,kimi-code+kimi-for-coding,count-dataset-tokens__syFscbp,passed,True,1.0,AgentTimeoutError,True,True,/Users/hugo/Projects/Harness-TrajecDebug/artifacts/harbor-runs/tb21-count-dataset-tokens-kimicode-with-metaharness-20260610T214015/count-dataset-tokens__syFscbp/result.json,958.594,1.21,0.001,900.041,45.974,644074,615680,9062,True,kimi_session_wire,653136,28394,37456,,session_8c7dc85c-a34b-43d8-8c5c-f5d60a6121ce,/Users/hugo/.kimi-code/sessions/wd_kimi-code_6eeaa524c450/session_8c7dc85c-a34b-43d8-8c5c-f5d60a6121ce/agents/main/wire.jsonl,21,28394,615680,0,1473.381,1339.0,8672.524,6238.0,182123,6468,3355,782,4137,46298,42,20,,
crack-7z-hash,without Meta-Harness,claude-code+kimi-k2.6,crack-7z-hash__nDyLXum,invalid_or_missing,False,,EnvironmentStartTimeoutError,False,False,/Users/hugo/Desktop/super-refactor/harbor/runs/tb21-kimi-k26-local-019e737a-colima16g-proxy/jobs/tb21-crack-7z-hash-claude-code-k6/crack-7z-hash__nDyLXum/result.json,1201.128,1201.01,,,,,,,False,,,,,,,,,,,,,,,,,,,,,,,,,
custom-memory-heap-crash,without Meta-Harness,claude-code+kimi-k2.6,custom-memory-heap-crash__aL4oUge,passed,True,1.0,,True,False,/Users/hugo/Desktop/super-refactor/harbor/runs/tb21-kimi-k26-local-019e737a-colima16g-proxy/jobs/tb21-custom-memory-heap-crash-claude-code-k6/custom-memory-heap-crash__aL4oUge/result.json,6329.968,5409.407,361.25,506.388,42.247,2019191,2018927,45425,True,harbor_agent_result,2064616,264,45689,,,,,,,,,,,,,,,,,,,,232440,67
db-wal-recovery,without Meta-Harness,claude-code+kimi-k2.6,db-wal-recovery__QuNbUNr,invalid_or_missing,False,,EnvironmentStartTimeoutError,False,False,/Users/hugo/Desktop/super-refactor/harbor/runs/tb21-kimi-k26-local-019e737a-colima16g-proxy/jobs/tb21-db-wal-recovery-claude-code-k6/db-wal-recovery__QuNbUNr/result.json,1201.097,1201.007,,,,,,,False,,,,,,,,,,,,,,,,,,,,,,,,,
distribution-search,without Meta-Harness,claude-code+kimi-k2.6,distribution-search__H4cnVnJ,passed,True,1.0,,True,False,/Users/hugo/Desktop/super-refactor/harbor/runs/tb21-kimi-k26-local-019e737a-colima16g-proxy/jobs/tb21-distribution-search-claude-code-k6/distribution-search__H4cnVnJ/result.json,1222.171,36.129,265.513,834.273,75.775,595166,595098,93358,True,harbor_agent_result,688524,68,93426,,,,,,,,,,,,,,,,,,,,122561,18
dna-assembly,without Meta-Harness,claude-code+kimi-k2.6,dna-assembly__JPpZjYb,timeout_failure,False,0.0,AgentTimeoutError,True,True,/Users/hugo/Desktop/super-refactor/harbor/runs/tb21-kimi-k26-local-019e737a-colima16g-proxy/jobs/tb21-dna-assembly-claude-code-k6/dna-assembly__JPpZjYb/result.json,3613.662,0.706,1.558,1800.006,1801.17,5695284,5694912,144037,True,harbor_agent_result,5839321,372,144409,,,,,,,,,,,,,,,,,,,,484296,94
dna-insert,without Meta-Harness,claude-code+kimi-k2.6,dna-insert__sW3VReS,failed,False,0.0,,True,False,/Users/hugo/Desktop/super-refactor/harbor/runs/tb21-kimi-k26-local-019e737a-colima16g-proxy/jobs/tb21-dna-insert-claude-code-k6/dna-insert__sW3VReS/result.json,1152.308,0.823,378.79,724.158,38.023,3602462,3602098,60433,True,harbor_agent_result,3662895,364,60797,,,,,,,,,,,,,,,,,,,,237936,92
dna-insert,with Meta-Harness,kimi-code+kimi-for-coding,dna-insert__5sUn5fD,failed,False,0.0,,True,False,/Users/hugo/Projects/Harness-TrajecDebug/artifacts/harbor-runs/tb21-dna-insert-kimicode-with-metaharness-20260610T215623/dna-insert__5sUn5fD/result.json,650.18,0.948,0.001,594.052,44.307,933971,890624,19431,True,kimi_session_wire,953402,43347,62778,,session_be91903f-6cff-4dd1-9963-0f5692898428,/Users/hugo/.kimi-code/sessions/wd_kimi-code_6eeaa524c450/session_be91903f-6cff-4dd1-9963-0f5692898428/agents/main/wire.jsonl,25,43347,890624,0,1555.36,1514.0,20501.88,13242.0,512547,9906,5906,1045,6951,48243,50,24,,2
extract-elf,without Meta-Harness,claude-code+kimi-k2.6,extract-elf__6cSci76,invalid_or_missing,False,,EnvironmentStartTimeoutError,False,False,/Users/hugo/Desktop/super-refactor/harbor/runs/tb21-kimi-k26-local-019e737a-colima16g-proxy/jobs/tb21-extract-elf-claude-code-k6/extract-elf__6cSci76/result.json,1201.097,1201.007,,,,,,,False,,,,,,,,,,,,,,,,,,,,,,,,,
extract-moves-from-video,without Meta-Harness,claude-code+kimi-k2.6,extract-moves-from-video__cBoC35d,timeout_failure,False,0.0,AgentTimeoutError,True,True,/Users/hugo/Desktop/super-refactor/harbor/runs/tb21-kimi-k26-local-019e737a-colima16g-proxy/jobs/tb21-extract-moves-from-video-claude-code-k6/extract-moves-from-video__cBoC35d/result.json,1818.245,1.5,1.483,1800.003,4.964,777876,777692,4978,True,harbor_agent_result,782854,184,5162,,,,,,,,,,,,,,,,,,,,56077,47
feal-differential-cryptanalysis,without Meta-Harness,claude-code+kimi-k2.6,feal-differential-cryptanalysis__ULVpXrK,failed,False,0.0,,True,False,/Users/hugo/Desktop/super-refactor/harbor/runs/tb21-kimi-k26-local-019e737a-colima16g-proxy/jobs/tb21-feal-differential-cryptanalysis-claude-code-k6/feal-differential-cryptanalysis__ULVpXrK/result.json,3680.244,72.875,1.435,1767.851,1827.896,410396,410356,145580,True,harbor_agent_result,555976,40,145620,,,,,,,,,,,,,,,,,,,,232725,11
feal-differential-cryptanalysis,with Meta-Harness,kimi-code+kimi-for-coding,feal-differential-cryptanalysis__YKaaZke,passed,True,1.0,,True,False,/Users/hugo/Projects/Harness-TrajecDebug/artifacts/harbor-runs/tb21-feal-differential-cryptanalysis-kimicode-with-metaharness-20260610T233724/feal-differential-cryptanalysis__YKaaZke/result.json,655.809,6.713,0.001,580.081,58.14,171892,159488,19018,True,kimi_session_wire,190910,12404,31422,,session_d669ccc7-49d6-49f1-b28a-553058f61d53,/Users/hugo/.kimi-code/sessions/wd_kimi-code_6eeaa524c450/session_d669ccc7-49d6-49f1-b28a-553058f61d53/agents/main/wire.jsonl,5,12404,159488,0,1785.6,1347.0,113068.8,26004.0,565344,6160,2477,832,3309,12326,10,5,,2
feal-linear-cryptanalysis,without Meta-Harness,claude-code+kimi-k2.6,feal-linear-cryptanalysis__gtueKG9,passed,True,1.0,,True,False,/Users/hugo/Desktop/super-refactor/harbor/runs/tb21-kimi-k26-local-019e737a-colima16g-proxy/jobs/tb21-feal-linear-cryptanalysis-claude-code-k6/feal-linear-cryptanalysis__gtueKG9/result.json,1514.307,53.22,1.691,1419.48,29.453,4414294,4413954,103415,True,harbor_agent_result,4517709,340,103755,,,,,,,,,,,,,,,,,,,,285365,86
filter-js-from-html,without Meta-Harness,claude-code+kimi-k2.6,filter-js-from-html__UAWA7hS,failed,False,0.0,,True,False,/Users/hugo/Desktop/super-refactor/harbor/runs/tb21-kimi-k26-local-019e737a-colima16g-proxy/jobs/tb21-filter-js-from-html-claude-code-k6/filter-js-from-html__UAWA7hS/result.json,760.633,192.787,1.775,512.026,43.465,155434,155402,40278,True,harbor_agent_result,195712,32,40310,,,,,,,,,,,,,,,,,,,,100500,9
filter-js-from-html,with Meta-Harness,kimi-code+kimi-for-coding,filter-js-from-html__ZfjJFB7,failed,False,0.0,,True,False,/Users/hugo/Projects/Harness-TrajecDebug/artifacts/harbor-runs/tb21-filter-js-from-html-kimicode-with-metaharness-20260610T220723/filter-js-from-html__ZfjJFB7/result.json,628.78,131.433,0.002,424.929,61.802,254135,224256,13370,True,kimi_session_wire,267505,29879,43249,,session_b2bba646-a691-4f2e-9a55-bba5483f831a,/Users/hugo/.kimi-code/sessions/wd_kimi-code_6eeaa524c450/session_b2bba646-a691-4f2e-9a55-bba5483f831a/agents/main/wire.jsonl,7,29879,224256,0,2346.857,1534.0,57496.429,7355.0,402475,17210,13714,937,14651,15317,14,6,,2
financial-document-processor,without Meta-Harness,claude-code+kimi-k2.6,financial-document-processor__fgTJdNh,passed,True,1.0,,True,False,/Users/hugo/Desktop/super-refactor/harbor/runs/tb21-kimi-k26-local-019e737a-colima16g-proxy/jobs/tb21-financial-document-processor-claude-code-k6/financial-document-processor__fgTJdNh/result.json,496.116,57.464,1.656,290.98,135.365,1226334,1226166,28794,True,harbor_agent_result,1255128,168,28962,,,,,,,,,,,,,,,,,,,,3255942,50
fix-code-vulnerability,without Meta-Harness,claude-code+kimi-k2.6,fix-code-vulnerability__ecc4q9s,passed,True,1.0,,True,False,/Users/hugo/Desktop/super-refactor/harbor/runs/tb21-kimi-k26-local-019e737a-colima16g-proxy/jobs/tb21-fix-code-vulnerability-claude-code-k6/fix-code-vulnerability__ecc4q9s/result.json,358.625,194.447,1.554,143.639,8.508,1899043,1898915,5594,True,harbor_agent_result,1904637,128,5722,,,,,,,,,,,,,,,,,,,,746939,33
fix-git,without Meta-Harness,claude-code+kimi-k2.6,fix-git__Bdoo6Wh,passed,True,1.0,,True,False,/Users/hugo/Desktop/super-refactor/harbor/runs/tb21-kimi-k26-local-019e737a-colima16g-proxy/jobs/tb21-fix-git-claude-code-k6/fix-git__Bdoo6Wh/result.json,240.029,69.512,1.561,126.317,32.166,517454,517322,12696,True,harbor_agent_result,530150,132,12828,,,,,,,,,,,,,,,,,,,,58851,34
fix-ocaml-gc,without Meta-Harness,claude-code+kimi-k2.6,fix-ocaml-gc__gb3RfW6,passed,True,1.0,,True,False,/Users/hugo/Desktop/super-refactor/harbor/runs/tb21-kimi-k26-local-019e737a-colima16g-proxy/jobs/tb21-fix-ocaml-gc-claude-code-k6/fix-ocaml-gc__gb3RfW6/result.json,1889.566,279.732,1.455,907.09,690.889,1628542,1628374,40011,True,harbor_agent_result,1668553,168,40179,,,,,,,,,,,,,,,,,,,,575487,43
gcode-to-text,without Meta-Harness,claude-code+kimi-k2.6,gcode-to-text__sw2X5Tf,failed,False,0.0,,True,False,/Users/hugo/Desktop/super-refactor/harbor/runs/tb21-kimi-k26-local-019e737a-colima16g-proxy/jobs/tb21-gcode-to-text-claude-code-k6/gcode-to-text__sw2X5Tf/result.json,6942.814,1.82,1.546,3715.759,1101.753,844208,822857,17620,True,harbor_agent_result,861828,21351,38971,,,,,,,,,,,,,,,,,,,,76086,40
gcode-to-text,with Meta-Harness,kimi-code+kimi-for-coding,gcode-to-text__5avJ8q4,timeout_failure,False,0.0,AgentTimeoutError,True,True,/Users/hugo/Projects/Harness-TrajecDebug/artifacts/harbor-runs/tb21-gcode-to-text-kimicode-with-metaharness-20260610T221801/gcode-to-text__5avJ8q4/result.json,950.125,1.02,0.002,900.043,38.052,3258393,3139584,46326,True,kimi_session_wire,3304719,118809,165135,,session_ba11ba15-9a00-4823-b3fb-07635cffe19a,/Users/hugo/.kimi-code/sessions/wd_kimi-code_6eeaa524c450/session_ba11ba15-9a00-4823-b3fb-07635cffe19a/agents/main/wire.jsonl,57,118809,3139584,0,2003.105,1602.0,12573.649,6321.0,716698,6414,3487,846,4333,,,,,
git-leak-recovery,without Meta-Harness,claude-code+kimi-k2.6,git-leak-recovery__QihhiXn,failed,False,0.0,,True,False,/Users/hugo/Desktop/super-refactor/harbor/runs/tb21-kimi-k26-local-019e737a-colima16g-proxy/jobs/tb21-git-leak-recovery-claude-code-k6/git-leak-recovery__QihhiXn/result.json,3673.071,46.481,1.662,101.63,3512.453,713606,713434,9465,True,harbor_agent_result,723071,172,9637,,,,,,,,,,,,,,,,,,,,49444,44
git-leak-recovery,with Meta-Harness,kimi-code+kimi-for-coding,git-leak-recovery__DgoaY7Z,invalid_or_missing,False,,RewardFileNotFoundError,False,False,/Users/hugo/Projects/Harness-TrajecDebug/artifacts/harbor-runs/tb21-git-leak-recovery-kimicode-with-metaharness-20260611T004727/git-leak-recovery__DgoaY7Z/result.json,410.393,0.312,0.001,142.086,267.608,349888,332288,4290,True,kimi_session_wire,354178,17600,21890,,session_e0117fe0-63af-4441-bb13-f51246673519,/Users/hugo/.kimi-code/sessions/wd_kimi-code_6eeaa524c450/session_e0117fe0-63af-4441-bb13-f51246673519/agents/main/wire.jsonl,13,17600,332288,0,1402.077,1228.0,9176.308,6474.0,119292,7460,4063,1034,5097,11440,26,12,,2
git-multibranch,without Meta-Harness,claude-code+kimi-k2.6,git-multibranch__H9PfVUF,failed,False,0.0,,True,False,/Users/hugo/Desktop/super-refactor/harbor/runs/tb21-kimi-k26-local-019e737a-colima16g-proxy/jobs/tb21-git-multibranch-claude-code-k6/git-multibranch__H9PfVUF/result.json,893.138,398.785,1.502,245.187,237.362,1094060,1093844,12210,True,harbor_agent_result,1106270,216,12426,,,,,,,,,,,,,,,,,,,,83222,55
gpt2-codegolf,without Meta-Harness,claude-code+kimi-k2.6,gpt2-codegolf__AYDTw9B,invalid_or_missing,False,,EnvironmentStartTimeoutError,False,False,/Users/hugo/Desktop/super-refactor/harbor/runs/tb21-kimi-k26-local-019e737a-colima16g-proxy/jobs/tb21-gpt2-codegolf-claude-code-k6/gpt2-codegolf__AYDTw9B/result.json,1201.104,1201.009,,,,,,,False,,,,,,,,,,,,,,,,,,,,,,,,,
headless-terminal,without Meta-Harness,claude-code+kimi-k2.6,headless-terminal__CeZyykm,failed,False,0.0,,True,False,/Users/hugo/Desktop/super-refactor/harbor/runs/tb21-kimi-k26-local-019e737a-colima16g-proxy/jobs/tb21-headless-terminal-claude-code-k6/headless-terminal__CeZyykm/result.json,1573.093,339.465,1.437,769.709,452.23,2583348,2583016,54751,True,harbor_agent_result,2638099,332,55083,,,,,,,,,,,,,,,,,,,,185549,84
headless-terminal,with Meta-Harness,kimi-code+kimi-for-coding,headless-terminal__KWjJ8Za,failed,False,0.0,,True,False,/Users/hugo/Projects/Harness-TrajecDebug/artifacts/harbor-runs/tb21-headless-terminal-kimicode-with-metaharness-nostop-20260610T185053/headless-terminal__KWjJ8Za/result.json,271.67,0.487,0.001,197.699,62.947,304120,281600,11289,True,kimi_session_wire,315409,22520,33809,,session_93914efd-08ba-42a7-b589-03a3c77e0748,/Users/hugo/.kimi-code/sessions/wd_kimi-code_6eeaa524c450/session_93914efd-08ba-42a7-b589-03a3c77e0748/agents/main/wire.jsonl,10,22520,281600,0,1489.0,1171.0,17593.2,4858.5,175932,4828,1322,841,2163,13182,20,9,,2
hf-model-inference,without Meta-Harness,claude-code+kimi-k2.6,hf-model-inference__7eQnJtr,failed,False,0.0,,True,False,/Users/hugo/Desktop/super-refactor/harbor/runs/tb21-kimi-k26-local-019e737a-colima16g-proxy/jobs/tb21-hf-model-inference-claude-code-k6/hf-model-inference__7eQnJtr/result.json,785.958,0.487,1.88,742.956,30.159,844354,844146,7646,True,harbor_agent_result,852000,208,7854,,,,,,,,,,,,,,,,,,,,63274,53
install-windows-3.11,without Meta-Harness,claude-code+kimi-k2.6,install-windows-3.11__P2VgUeT,invalid_or_missing,False,,EnvironmentStartTimeoutError,False,False,/Users/hugo/Desktop/super-refactor/harbor/runs/tb21-kimi-k26-local-019e737a-colima16g-proxy/jobs/tb21-install-windows-3.11-claude-code-k6/install-windows-3.11__P2VgUeT/result.json,1201.095,1201.008,,,,,,,False,,,,,,,,,,,,,,,,,,,,,,,,,
kv-store-grpc,without Meta-Harness,claude-code+kimi-k2.6,kv-store-grpc__L7ipooF,failed,False,0.0,,True,False,/Users/hugo/Desktop/super-refactor/harbor/runs/tb21-kimi-k26-local-019e737a-colima16g-proxy/jobs/tb21-kv-store-grpc-claude-code-k6/kv-store-grpc__L7ipooF/result.json,266.158,0.589,1.445,107.851,146.026,374965,374869,3685,True,harbor_agent_result,378650,96,3781,,,,,,,,,,,,,,,,,,,,47508,25
kv-store-grpc,with Meta-Harness,kimi-code+kimi-for-coding,kv-store-grpc__X93pMKy,passed,True,1.0,,True,False,/Users/hugo/Projects/Harness-TrajecDebug/artifacts/harbor-runs/tb21-kvgrpc-kimicode-with-metaharness-20260610T155642/kv-store-grpc__X93pMKy/result.json,278.689,0.843,0.001,257.935,9.33,360061,341504,5998,True,kimi_session_wire,366059,18557,24555,,session_570d3d99-fd6e-434b-947f-4531da73c90a,/Users/hugo/.kimi-code/sessions/wd_kimi-code_6eeaa524c450/session_570d3d99-fd6e-434b-947f-4531da73c90a/agents/main/wire.jsonl,13,18557,341504,0,1938.769,1721.0,15974.0,13335.0,207662,6582,2832,782,3614,16145,26,12,,2
large-scale-text-editing,without Meta-Harness,claude-code+kimi-k2.6,large-scale-text-editing__UdzjZwm,failed,False,0.0,,True,False,/Users/hugo/Desktop/super-refactor/harbor/runs/tb21-kimi-k26-local-019e737a-colima16g-proxy/jobs/tb21-large-scale-text-editing-claude-code-k6/large-scale-text-editing__UdzjZwm/result.json,685.247,64.3,1.401,310.454,298.897,530293,530193,41946,True,harbor_agent_result,572239,100,42046,,,,,,,,,,,,,,,,,,,,69935,26
largest-eigenval,without Meta-Harness,claude-code+kimi-k2.6,largest-eigenval__fPTqyqk,timeout_failure,False,0.0,AgentTimeoutError,True,True,/Users/hugo/Desktop/super-refactor/harbor/runs/tb21-kimi-k26-local-019e737a-colima16g-proxy/jobs/tb21-largest-eigenval-claude-code-k6/largest-eigenval__fPTqyqk/result.json,1495.272,489.23,1.37,900.003,94.368,1358694,1358506,61200,True,harbor_agent_result,1419894,188,61388,,,,,,,,,,,,,,,,,,,,183014,48
largest-eigenval,with Meta-Harness,kimi-code+kimi-for-coding,largest-eigenval__nMajFeB,timeout_failure,False,0.0,AgentTimeoutError,True,True,/Users/hugo/Projects/Harness-TrajecDebug/artifacts/harbor-runs/tb21-largest-eigenval-kimicode-with-metaharness-20260611T002356/largest-eigenval__nMajFeB/result.json,1016.486,0.539,0.001,900.016,105.402,2057761,1986560,31279,True,kimi_session_wire,2089040,71201,102480,,session_73c8cf7e-d1eb-41dd-b295-dff7752554b0,/Users/hugo/.kimi-code/sessions/wd_kimi-code_6eeaa524c450/session_73c8cf7e-d1eb-41dd-b295-dff7752554b0/agents/main/wire.jsonl,37,71201,1986560,0,1938.135,1806.0,24437.973,21637.0,904205,15535,12054,882,12936,,,,,
llm-inference-batching-scheduler,without Meta-Harness,claude-code+kimi-k2.6,llm-inference-batching-scheduler__jydaPit,failed,False,0.0,,True,False,/Users/hugo/Desktop/super-refactor/harbor/runs/tb21-kimi-k26-local-019e737a-colima16g-proxy/jobs/tb21-llm-inference-batching-scheduler-claude-code-k6/llm-inference-batching-scheduler__jydaPit/result.json,1452.836,2.671,1.413,1415.309,23.245,3823214,3822954,141926,True,harbor_agent_result,3965140,260,142186,,,,,,,,,,,,,,,,,,,,444177,66
log-summary-date-ranges,without Meta-Harness,claude-code+kimi-k2.6,log-summary-date-ranges__gU3UUC8,passed,True,1.0,,True,False,/Users/hugo/Desktop/super-refactor/harbor/runs/tb21-kimi-k26-local-019e737a-colima16g-proxy/jobs/tb21-log-summary-date-ranges-claude-code-k6/log-summary-date-ranges__gU3UUC8/result.json,7093.526,2.333,1.457,7011.666,67.351,,,,False,,,,,,,,,,,,,,,,,,,,,,,,30449,
mailman,without Meta-Harness,claude-code+kimi-k2.6,mailman__cenyer7,passed,True,1.0,,True,False,/Users/hugo/Desktop/super-refactor/harbor/runs/tb21-kimi-k26-local-019e737a-colima16g-proxy/jobs/tb21-mailman-claude-code-k6/mailman__cenyer7/result.json,5754.761,4736.501,244.432,600.438,162.355,4744035,4720679,49145,True,harbor_agent_result,4793180,23356,72501,,,,,,,,,,,,,,,,,,,,356874,159
make-doom-for-mips,without Meta-Harness,claude-code+kimi-k2.6,make-doom-for-mips__BoZ2sES,invalid_or_missing,False,,RuntimeError,False,False,/Users/hugo/Desktop/super-refactor/harbor/runs/tb21-kimi-k26-local-019e737a-colima16g-proxy/jobs/tb21-make-doom-for-mips-claude-code-k6/make-doom-for-mips__BoZ2sES/result.json,5.404,5.338,,,,,,,False,,,,,,,,,,,,,,,,,,,,,,,,,
make-mips-interpreter,without Meta-Harness,claude-code+kimi-k2.6,make-mips-interpreter__W2YnYtb,invalid_or_missing,False,,RuntimeError,False,False,/Users/hugo/Desktop/super-refactor/harbor/runs/tb21-kimi-k26-local-019e737a-colima16g-proxy/jobs/tb21-make-mips-interpreter-claude-code-k6/make-mips-interpreter__W2YnYtb/result.json,75.72,75.654,,,,,,,False,,,,,,,,,,,,,,,,,,,,,,,,,
mcmc-sampling-stan,without Meta-Harness,claude-code+kimi-k2.6,mcmc-sampling-stan__fpGMVrL,passed,True,1.0,,True,False,/Users/hugo/Desktop/super-refactor/harbor/runs/tb21-kimi-k26-local-019e737a-colima16g-proxy/jobs/tb21-mcmc-sampling-stan-claude-code-k6/mcmc-sampling-stan__fpGMVrL/result.json,1398.752,187.682,1.774,881.945,316.205,979844,979700,19629,True,harbor_agent_result,999473,144,19773,,,,,,,,,,,,,,,,,,,,332358,37
merge-diff-arc-agi-task,without Meta-Harness,claude-code+kimi-k2.6,merge-diff-arc-agi-task__JzMwbqw,passed,True,1.0,,True,False,/Users/hugo/Desktop/super-refactor/harbor/runs/tb21-kimi-k26-local-019e737a-colima16g-proxy/jobs/tb21-merge-diff-arc-agi-task-claude-code-k6/merge-diff-arc-agi-task__JzMwbqw/result.json,507.424,1.189,1.798,455.441,38.13,2448411,2448147,34480,True,harbor_agent_result,2482891,264,34744,,,,,,,,,,,,,,,,,,,,197620,67
model-extraction-relu-logits,without Meta-Harness,claude-code+kimi-k2.6,model-extraction-relu-logits__X4QrKPQ,timeout_failure,False,0.0,AgentTimeoutError,True,True,/Users/hugo/Desktop/super-refactor/harbor/runs/tb21-kimi-k26-local-019e737a-colima16g-proxy/jobs/tb21-model-extraction-relu-logits-claude-code-k6/model-extraction-relu-logits__X4QrKPQ/result.json,1388.887,137.406,1.377,900.002,339.879,0,0,0,True,harbor_agent_result,0,0,0,,,,,,,,,,,,,,,,,,,,152309,1
modernize-scientific-stack,without Meta-Harness,claude-code+kimi-k2.6,modernize-scientific-stack__PPvHyvz,passed,True,1.0,,True,False,/Users/hugo/Desktop/super-refactor/harbor/runs/tb21-kimi-k26-local-019e737a-colima16g-proxy/jobs/tb21-modernize-scientific-stack-claude-code-k6/modernize-scientific-stack__PPvHyvz/result.json,813.163,673.836,2.038,56.225,70.227,266886,266822,4796,True,harbor_agent_result,271682,64,4860,,,,,,,,,,,,,,,,,,,,38322,17
mteb-leaderboard,without Meta-Harness,claude-code+kimi-k2.6,mteb-leaderboard__uMsCfjK,failed,False,0.0,,True,False,/Users/hugo/Desktop/super-refactor/harbor/runs/tb21-kimi-k26-local-019e737a-colima16g-proxy/jobs/tb21-mteb-leaderboard-claude-code-k6/mteb-leaderboard__uMsCfjK/result.json,13377.173,504.96,1.758,12843.659,14.534,3423248,3422824,25858,True,harbor_agent_result,3449106,424,26282,,,,,,,,,,,,,,,,,,,,363072,108
mteb-leaderboard,with Meta-Harness,kimi-code+kimi-for-coding,mteb-leaderboard__754VTrP,invalid_or_missing,False,,FileNotFoundError,False,False,/Users/hugo/Projects/Harness-TrajecDebug/artifacts/harbor-runs/tb21-mteb-leaderboard-kimicode-with-metaharness-20260610T230525/mteb-leaderboard__754VTrP/result.json,912.367,0.444,0.001,900.532,,3662799,3579904,13628,True,kimi_session_wire,3676427,82895,96523,,session_e317eda6-f526-408b-b200-323d6e44ae08,/Users/hugo/.kimi-code/sessions/wd_kimi-code_6eeaa524c450/session_e317eda6-f526-408b-b200-323d6e44ae08/agents/main/wire.jsonl,69,82895,3579904,0,1896.942,1719.0,5217.783,3262.0,360027,6092,2738,782,3520,0,0,0,,
mteb-retrieve,without Meta-Harness,claude-code+kimi-k2.6,mteb-retrieve__CLHJLyT,failed,False,0.0,,True,False,/Users/hugo/Desktop/super-refactor/harbor/runs/tb21-kimi-k26-local-019e737a-colima16g-proxy/jobs/tb21-mteb-retrieve-claude-code-k6/mteb-retrieve__CLHJLyT/result.json,2476.652,465.272,2.081,161.912,1835.591,205566,205518,2612,True,harbor_agent_result,208178,48,2660,,,,,,,,,,,,,,,,,,,,24225,13
multi-source-data-merger,without Meta-Harness,claude-code+kimi-k2.6,multi-source-data-merger__Fhag3XN,passed,True,1.0,,True,False,/Users/hugo/Desktop/super-refactor/harbor/runs/tb21-kimi-k26-local-019e737a-colima16g-proxy/jobs/tb21-multi-source-data-merger-claude-code-k6/multi-source-data-merger__Fhag3XN/result.json,466.663,208.875,1.95,182.167,62.981,292010,291946,13479,True,harbor_agent_result,305489,64,13543,,,,,,,,,,,,,,,,,,,,51001,17
nginx-request-logging,without Meta-Harness,claude-code+kimi-k2.6,nginx-request-logging__E2cQZLx,failed,False,0.0,,True,False,/Users/hugo/Desktop/super-refactor/harbor/runs/tb21-kimi-k26-local-019e737a-colima16g-proxy/jobs/tb21-nginx-request-logging-claude-code-k6/nginx-request-logging__E2cQZLx/result.json,252.624,31.515,1.85,133.098,75.22,1131038,1130782,12682,True,harbor_agent_result,1143720,256,12938,,,,,,,,,,,,,,,,,,,,80168,65
openssl-selfsigned-cert,without Meta-Harness,claude-code+kimi-k2.6,openssl-selfsigned-cert__TqctTLL,failed,False,0.0,,True,False,/Users/hugo/Desktop/super-refactor/harbor/runs/tb21-kimi-k26-local-019e737a-colima16g-proxy/jobs/tb21-openssl-selfsigned-cert-claude-code-k6/openssl-selfsigned-cert__TqctTLL/result.json,152.584,11.801,1.996,64.107,63.959,479165,479057,3656,True,harbor_agent_result,482821,108,3764,,,,,,,,,,,,,,,,,,,,37007,28
openssl-selfsigned-cert,with Meta-Harness,kimi-code+kimi-for-coding,openssl-selfsigned-cert__CNeAhwi,passed,True,1.0,,True,False,/Users/hugo/Projects/Harness-TrajecDebug/artifacts/harbor-runs/tb21-openssl-kimicode-with-metaharness-20260610T1536/openssl-selfsigned-cert__CNeAhwi/result.json,198.824,0.853,0.001,160.447,27.069,379901,363776,4513,True,kimi_session_wire,384414,16125,20638,,session_5dba214c-a65c-486a-b2fb-544711390341,/Users/hugo/.kimi-code/sessions/wd_kimi-code_6eeaa524c450/session_5dba214c-a65c-486a-b2fb-544711390341/agents/main/wire.jsonl,15,16125,363776,0,1706.067,1493.0,8646.467,5701.0,129697,5256,2039,489,2528,12225,30,14,,2
overfull-hbox,without Meta-Harness,claude-code+kimi-k2.6,overfull-hbox__PEttn2h,timeout_failure,False,0.0,AgentTimeoutError,True,True,/Users/hugo/Desktop/super-refactor/harbor/runs/tb21-kimi-k26-local-019e737a-colima16g-proxy/jobs/tb21-overfull-hbox-claude-code-k6/overfull-hbox__PEttn2h/result.json,1258.979,346.024,1.419,750.003,151.259,491750,491662,50220,True,harbor_agent_result,541970,88,50308,,,,,,,,,,,,,,,,,,,,209683,23
password-recovery,without Meta-Harness,claude-code+kimi-k2.6,password-recovery__x5fA2A8,passed,True,1.0,,True,False,/Users/hugo/Desktop/super-refactor/harbor/runs/tb21-kimi-k26-local-019e737a-colima16g-proxy/jobs/tb21-password-recovery-claude-code-k6/password-recovery__x5fA2A8/result.json,1961.657,898.801,1.391,491.665,559.517,2193548,2193164,69943,True,harbor_agent_result,2263491,384,70327,,,,,,,,,,,,,,,,,,,,196794,97
path-tracing,without Meta-Harness,claude-code+kimi-k2.6,path-tracing__eiVp7au,failed,False,0.0,,True,False,/Users/hugo/Desktop/super-refactor/harbor/runs/tb21-kimi-k26-local-019e737a-colima16g-proxy/jobs/tb21-path-tracing-claude-code-k6/path-tracing__eiVp7au/result.json,22233.885,192.356,2.016,12380.348,9648.436,1091675,1070139,57123,True,harbor_agent_result,1148798,21536,78659,,,,,,,,,,,,,,,,,,,,218979,49
path-tracing-reverse,without Meta-Harness,claude-code+kimi-k2.6,path-tracing-reverse__kc9w5TZ,timeout_failure,False,0.0,AgentTimeoutError,True,True,/Users/hugo/Desktop/super-refactor/harbor/runs/tb21-kimi-k26-local-019e737a-colima16g-proxy/jobs/tb21-path-tracing-reverse-claude-code-k6/path-tracing-reverse__kc9w5TZ/result.json,2623.655,666.764,1.434,1800.003,145.16,7161924,7161532,197118,True,harbor_agent_result,7359042,392,197510,,,,,,,,,,,,,,,,,,,,589243,99
polyglot-c-py,without Meta-Harness,claude-code+kimi-k2.6,polyglot-c-py__2TVEbSe,passed,True,1.0,,True,False,/Users/hugo/Desktop/super-refactor/harbor/runs/tb21-kimi-k26-local-019e737a-colima16g-proxy/jobs/tb21-polyglot-c-py-claude-code-k6/polyglot-c-py__2TVEbSe/result.json,1449.613,597.114,1.433,585.126,255.363,1191710,1191530,55248,True,harbor_agent_result,1246958,180,55428,,,,,,,,,,,,,,,,,,,,131977,46
polyglot-rust-c,without Meta-Harness,claude-code+kimi-k2.6,polyglot-rust-c__qyDKxNa,timeout_failure,False,0.0,AgentTimeoutError,True,True,/Users/hugo/Desktop/super-refactor/harbor/runs/tb21-kimi-k26-local-019e737a-colima16g-proxy/jobs/tb21-polyglot-rust-c-claude-code-k6/polyglot-rust-c__qyDKxNa/result.json,1206.134,94.376,1.425,900.003,200.024,0,0,0,True,harbor_agent_result,0,0,0,,,,,,,,,,,,,,,,,,,,1350,1
portfolio-optimization,without Meta-Harness,claude-code+kimi-k2.6,portfolio-optimization__Svgt6Ep,passed,True,1.0,,True,False,/Users/hugo/Desktop/super-refactor/harbor/runs/tb21-kimi-k26-local-019e737a-colima16g-proxy/jobs/tb21-portfolio-optimization-claude-code-k6/portfolio-optimization__Svgt6Ep/result.json,815.392,168.519,1.437,342.972,292.192,338372,338296,30518,True,harbor_agent_result,368890,76,30594,,,,,,,,,,,,,,,,,,,,101688,20
protein-assembly,without Meta-Harness,claude-code+kimi-k2.6,protein-assembly__jkDqaEE,timeout_failure,False,0.0,AgentTimeoutError,True,True,/Users/hugo/Desktop/super-refactor/harbor/runs/tb21-kimi-k26-local-019e737a-colima16g-proxy/jobs/tb21-protein-assembly-claude-code-k6/protein-assembly__jkDqaEE/result.json,1880.613,3.663,1.652,1800.003,64.984,5082904,5082460,76551,True,harbor_agent_result,5159455,444,76995,,,,,,,,,,,,,,,,,,,,382681,112
prove-plus-comm,without Meta-Harness,claude-code+kimi-k2.6,prove-plus-comm__xresmNY,passed,True,1.0,,True,False,/Users/hugo/Desktop/super-refactor/harbor/runs/tb21-kimi-k26-local-019e737a-colima16g-proxy/jobs/tb21-prove-plus-comm-claude-code-k6/prove-plus-comm__xresmNY/result.json,5364.797,4701.121,1.369,48.459,603.264,163538,163498,3106,True,harbor_agent_result,166644,40,3146,,,,,,,,,,,,,,,,,,,,15415,11
pypi-server,without Meta-Harness,claude-code+kimi-k2.6,pypi-server__Z6V6uhN,failed,False,0.0,,True,False,/Users/hugo/Desktop/super-refactor/harbor/runs/tb21-kimi-k26-local-019e737a-colima16g-proxy/jobs/tb21-pypi-server-claude-code-k6/pypi-server__Z6V6uhN/result.json,514.708,140.942,1.539,156.66,205.026,778101,777933,5014,True,harbor_agent_result,783115,168,5182,,,,,,,,,,,,,,,,,,,,57023,43
pypi-server,with Meta-Harness,kimi-code+kimi-for-coding,pypi-server__LD72UyK,failed,False,0.0,,True,False,/Users/hugo/Projects/Harness-TrajecDebug/artifacts/harbor-runs/tb21-pypi-server-kimicode-with-metaharness-20260611T114127/pypi-server__LD72UyK/result.json,151.246,0.32,0.001,76.472,63.934,101416,88832,1595,True,kimi_session_wire,103011,12584,14179,,session_d68a4634-703c-48a1-960f-ef5b3f1e8572,/Users/hugo/.kimi-code/sessions/wd_kimi-code_6eeaa524c450/session_d68a4634-703c-48a1-960f-ef5b3f1e8572/agents/main/wire.jsonl,4,12584,88832,0,1881.5,1503.0,6221.25,6107.0,24885,12728,8949,778,9727,4398,10,6,,2
pytorch-model-cli,without Meta-Harness,claude-code+kimi-k2.6,pytorch-model-cli__icPejXj,passed,True,1.0,AgentTimeoutError,True,True,/Users/hugo/Desktop/super-refactor/harbor/runs/tb21-kimi-k26-local-019e737a-colima16g-proxy/jobs/tb21-pytorch-model-cli-claude-code-k6/pytorch-model-cli__icPejXj/result.json,1244.864,1.097,1.469,900.003,331.75,2633232,2632836,37869,True,harbor_agent_result,2671101,396,38265,,,,,,,,,,,,,,,,,,,,185608,100
pytorch-model-recovery,without Meta-Harness,claude-code+kimi-k2.6,pytorch-model-recovery__jyzHhRy,failed,False,0.0,,True,False,/Users/hugo/Desktop/super-refactor/harbor/runs/tb21-kimi-k26-local-019e737a-colima16g-proxy/jobs/tb21-pytorch-model-recovery-claude-code-k6/pytorch-model-recovery__jyzHhRy/result.json,2125.671,553.342,1.468,0.287,1559.752,,,,False,,,,,,,,,,,,,,,,,,,,,,,,1404,
qemu-alpine-ssh,without Meta-Harness,claude-code+kimi-k2.6,qemu-alpine-ssh__J4428uq,timeout_failure,False,0.0,AgentTimeoutError,True,True,/Users/hugo/Desktop/super-refactor/harbor/runs/tb21-kimi-k26-local-019e737a-colima16g-proxy/jobs/tb21-qemu-alpine-ssh-claude-code-k6/qemu-alpine-ssh__J4428uq/result.json,1547.116,483.185,1.572,900.003,152.144,773415,773251,20717,True,harbor_agent_result,794132,164,20881,,,,,,,,,,,,,,,,,,,,77482,42
qemu-startup,without Meta-Harness,claude-code+kimi-k2.6,qemu-startup__XnvxPvD,passed,True,1.0,,True,False,/Users/hugo/Desktop/super-refactor/harbor/runs/tb21-kimi-k26-local-019e737a-colima16g-proxy/jobs/tb21-qemu-startup-claude-code-k6/qemu-startup__XnvxPvD/result.json,891.748,0.647,1.642,702.498,176.533,2601236,2600868,34374,True,harbor_agent_result,2635610,368,34742,,,,,,,,,,,,,,,,,,,,155874,93
query-optimize,without Meta-Harness,claude-code+kimi-k2.6,query-optimize__qSVU2Yu,failed,False,0.0,,True,False,/Users/hugo/Desktop/super-refactor/harbor/runs/tb21-kimi-k26-local-019e737a-colima16g-proxy/jobs/tb21-query-optimize-claude-code-k6/query-optimize__qSVU2Yu/result.json,1239.581,65.952,1.54,520.625,641.236,638940,638828,33473,True,harbor_agent_result,672413,112,33585,,,,,,,,,,,,,,,,,,,,97996,29
query-optimize,with Meta-Harness,kimi-code+kimi-for-coding,query-optimize__zDp5pa9,passed,True,1.0,,True,False,/Users/hugo/Projects/Harness-TrajecDebug/artifacts/harbor-runs/tb21-queryopt-kimicode-with-metaharness-stop-r2-20260610T174611/query-optimize__zDp5pa9/result.json,597.66,0.723,0.001,110.452,475.739,75384,62208,2307,True,kimi_session_wire,77691,13176,15483,,session_d20748ef-6e0c-4ff4-9161-d3a0c8314386,/Users/hugo/.kimi-code/sessions/wd_kimi-code_6eeaa524c450/session_d20748ef-6e0c-4ff4-9161-d3a0c8314386/agents/main/wire.jsonl,3,13176,62208,0,3701.667,4159.0,21092.667,14717.0,63278,6386,2511,1118,3629,8237,7,4,,2
raman-fitting,without Meta-Harness,claude-code+kimi-k2.6,raman-fitting__5ZfLrcZ,failed,False,0.0,,True,False,/Users/hugo/Desktop/super-refactor/harbor/runs/tb21-kimi-k26-local-019e737a-colima16g-proxy/jobs/tb21-raman-fitting-claude-code-k6/raman-fitting__5ZfLrcZ/result.json,34777.01,1.023,1.825,13687.977,21075.619,100335,79236,606,True,harbor_agent_result,100941,21099,21705,,,,,,,,,,,,,,,,,,,,9536,9
raman-fitting,with Meta-Harness,kimi-code+kimi-for-coding,raman-fitting__wie6HBc,failed,False,0.0,,True,False,/Users/hugo/Projects/Harness-TrajecDebug/artifacts/harbor-runs/tb21-raman-fitting-kimicode-with-metaharness-20260610T232325/raman-fitting__wie6HBc/result.json,678.753,1.324,0.001,632.652,34.187,802444,756992,20089,True,kimi_session_wire,822533,45452,65541,,session_c90690d0-573c-4fcc-b39d-b913ab85f03c,/Users/hugo/.kimi-code/sessions/wd_kimi-code_6eeaa524c450/session_c90690d0-573c-4fcc-b39d-b913ab85f03c/agents/main/wire.jsonl,19,45452,756992,0,1972.895,1838.0,30847.632,34132.0,586105,14237,10686,840,11526,46779,40,21,,2
regex-chess,without Meta-Harness,claude-code+kimi-k2.6,regex-chess__fa4VT7w,timeout_failure,False,0.0,AgentTimeoutError,True,True,/Users/hugo/Desktop/super-refactor/harbor/runs/tb21-kimi-k26-local-019e737a-colima16g-proxy/jobs/tb21-regex-chess-claude-code-k6/regex-chess__fa4VT7w/result.json,3706.512,39.962,1.677,3600.004,54.577,1754216,1754104,386744,True,harbor_agent_result,2140960,112,386856,,,,,,,,,,,,,,,,,,,,731218,29
regex-log,without Meta-Harness,claude-code+kimi-k2.6,regex-log__eSDmKjt,passed,True,1.0,,True,False,/Users/hugo/Desktop/super-refactor/harbor/runs/tb21-kimi-k26-local-019e737a-colima16g-proxy/jobs/tb21-regex-log-claude-code-k6/regex-log__eSDmKjt/result.json,864.669,0.686,1.546,710.542,141.494,202496,202452,67285,True,harbor_agent_result,269781,44,67329,,,,,,,,,,,,,,,,,,,,83023,12
reshard-c4-data,without Meta-Harness,claude-code+kimi-k2.6,reshard-c4-data__vGCyLsM,invalid_or_missing,False,,RuntimeError,False,False,/Users/hugo/Desktop/super-refactor/harbor/runs/tb21-kimi-k26-local-019e737a-colima16g-proxy/jobs/tb21-reshard-c4-data-claude-code-k6/reshard-c4-data__vGCyLsM/result.json,231.031,230.952,,,,,,,False,,,,,,,,,,,,,,,,,,,,,,,,,
rstan-to-pystan,without Meta-Harness,claude-code+kimi-k2.6,rstan-to-pystan__MGcMmPo,timeout_failure,False,0.0,AgentTimeoutError,True,True,/Users/hugo/Desktop/super-refactor/harbor/runs/tb21-kimi-k26-local-019e737a-colima16g-proxy/jobs/tb21-rstan-to-pystan-claude-code-k6/rstan-to-pystan__MGcMmPo/result.json,1927.302,75.716,1.476,1800.004,39.554,6484314,6483774,51959,True,harbor_agent_result,6536273,540,52499,,,,,,,,,,,,,,,,,,,,488705,136
sam-cell-seg,without Meta-Harness,claude-code+kimi-k2.6,sam-cell-seg__vcmDyDm,failed,False,0.0,,True,False,/Users/hugo/Desktop/super-refactor/harbor/runs/tb21-kimi-k26-local-019e737a-colima16g-proxy/jobs/tb21-sam-cell-seg-claude-code-k6/sam-cell-seg__vcmDyDm/result.json,1496.728,45.277,1.582,1202.688,236.923,2952963,2952635,37372,True,harbor_agent_result,2990335,328,37700,,,,,,,,,,,,,,,,,,,,401592,83
sanitize-git-repo,without Meta-Harness,claude-code+kimi-k2.6,sanitize-git-repo__FbeDTPh,failed,False,0.0,,True,False,/Users/hugo/Desktop/super-refactor/harbor/runs/tb21-kimi-k26-local-019e737a-colima16g-proxy/jobs/tb21-sanitize-git-repo-claude-code-k6/sanitize-git-repo__FbeDTPh/result.json,213.86,51.398,1.512,92.027,58.401,1100720,1100560,9321,True,harbor_agent_result,1110041,160,9481,,,,,,,,,,,,,,,,,,,,336606,41
sanitize-git-repo,with Meta-Harness,kimi-code+kimi-for-coding,sanitize-git-repo__27w76Zf,passed,True,1.0,,True,False,/Users/hugo/Projects/Harness-TrajecDebug/artifacts/harbor-runs/tb21-sanitize-kimicode-with-metaharness-20260610T154556/sanitize-git-repo__27w76Zf/result.json,227.081,1.352,0.001,193.839,21.313,453812,421120,8074,True,kimi_session_wire,461886,32692,40766,,session_177bd47e-e60a-468f-a6df-7d86af3b5e14,/Users/hugo/.kimi-code/sessions/wd_kimi-code_6eeaa524c450/session_177bd47e-e60a-468f-a6df-7d86af3b5e14/agents/main/wire.jsonl,13,32692,421120,0,1913.538,1714.0,12475.846,9792.0,162186,5601,2889,544,3433,50712,33,19,,2
schemelike-metacircular-eval,without Meta-Harness,claude-code+kimi-k2.6,schemelike-metacircular-eval__T9jEfuN,passed,True,1.0,,True,False,/Users/hugo/Desktop/super-refactor/harbor/runs/tb21-kimi-k26-local-019e737a-colima16g-proxy/jobs/tb21-schemelike-metacircular-eval-claude-code-k6/schemelike-metacircular-eval__T9jEfuN/result.json,1486.885,4.342,1.543,1321.184,149.598,5118791,5118399,126378,True,harbor_agent_result,5245169,392,126770,,,,,,,,,,,,,,,,,,,,523315,99
sparql-university,without Meta-Harness,claude-code+kimi-k2.6,sparql-university__J7S4QUA,passed,True,1.0,,True,False,/Users/hugo/Desktop/super-refactor/harbor/runs/tb21-kimi-k26-local-019e737a-colima16g-proxy/jobs/tb21-sparql-university-claude-code-k6/sparql-university__J7S4QUA/result.json,609.51,2.118,1.833,544.848,50.543,59539,59511,61466,True,harbor_agent_result,121005,28,61494,,,,,,,,,,,,,,,,,,,,113655,8
sqlite-db-truncate,without Meta-Harness,claude-code+kimi-k2.6,sqlite-db-truncate__THWv6QN,passed,True,1.0,,True,False,/Users/hugo/Desktop/super-refactor/harbor/runs/tb21-kimi-k26-local-019e737a-colima16g-proxy/jobs/tb21-sqlite-db-truncate-claude-code-k6/sqlite-db-truncate__THWv6QN/result.json,517.002,2.79,1.791,460.838,41.398,674935,674811,43621,True,harbor_agent_result,718556,124,43745,,,,,,,,,,,,,,,,,,,,109279,32
sqlite-with-gcov,without Meta-Harness,claude-code+kimi-k2.6,sqlite-with-gcov__YU6sA7E,passed,True,1.0,,True,False,/Users/hugo/Desktop/super-refactor/harbor/runs/tb21-kimi-k26-local-019e737a-colima16g-proxy/jobs/tb21-sqlite-with-gcov-claude-code-k6/sqlite-with-gcov__YU6sA7E/result.json,192.792,2.458,1.599,121.767,56.444,659827,659691,4605,True,harbor_agent_result,664432,136,4741,,,,,,,,,,,,,,,,,,,,110130,35
torch-pipeline-parallelism,without Meta-Harness,claude-code+kimi-k2.6,torch-pipeline-parallelism__pqCuvvh,timeout_failure,False,0.0,AgentTimeoutError,True,True,/Users/hugo/Desktop/super-refactor/harbor/runs/tb21-kimi-k26-local-019e737a-colima16g-proxy/jobs/tb21-torch-pipeline-parallelism-claude-code-k6/torch-pipeline-parallelism__pqCuvvh/result.json,991.553,1.644,1.704,900.003,77.621,0,0,0,True,harbor_agent_result,0,0,0,,,,,,,,,,,,,,,,,,,,174429,1
torch-tensor-parallelism,without Meta-Harness,claude-code+kimi-k2.6,torch-tensor-parallelism__JwtXP8b,failed,False,0.0,,True,False,/Users/hugo/Desktop/super-refactor/harbor/runs/tb21-kimi-k26-local-019e737a-colima16g-proxy/jobs/tb21-torch-tensor-parallelism-claude-code-k6/torch-tensor-parallelism__JwtXP8b/result.json,745.099,1.889,1.97,639.38,91.495,38982,38966,46800,True,harbor_agent_result,85782,16,46816,,,,,,,,,,,,,,,,,,,,110659,5
torch-tensor-parallelism,with Meta-Harness,kimi-code+kimi-for-coding,torch-tensor-parallelism__MraQAPJ,passed,True,1.0,,True,False,/Users/hugo/Projects/Harness-TrajecDebug/artifacts/harbor-runs/tb21-torchtensor-kimicode-with-metaharness-20260610T161752/torch-tensor-parallelism__MraQAPJ/result.json,520.383,0.936,0.001,381.575,127.022,89899,53248,9712,True,kimi_session_wire,99611,36651,46363,,session_f1f73086-106e-4913-a201-2398b2d12112,/Users/hugo/.kimi-code/sessions/wd_kimi-code_6eeaa524c450/session_f1f73086-106e-4913-a201-2398b2d12112/agents/main/wire.jsonl,3,36651,53248,0,2388.333,2544.0,123658.0,7045.0,370974,7547,3173,987,4160,7907,6,2,,2
train-fasttext,without Meta-Harness,claude-code+kimi-k2.6,train-fasttext__eALjEAg,timeout_failure,False,0.0,AgentTimeoutError,True,True,/Users/hugo/Desktop/super-refactor/harbor/runs/tb21-kimi-k26-local-019e737a-colima16g-proxy/jobs/tb21-train-fasttext-claude-code-k6/train-fasttext__eALjEAg/result.json,4580.631,150.284,1.615,3600.003,818.141,1511875,1511659,21830,True,harbor_agent_result,1533705,216,22046,,,,,,,,,,,,,,,,,,,,1673049,55
tune-mjcf,without Meta-Harness,claude-code+kimi-k2.6,tune-mjcf__z7Nm4kg,passed,True,1.0,,True,False,/Users/hugo/Desktop/super-refactor/harbor/runs/tb21-kimi-k26-local-019e737a-colima16g-proxy/jobs/tb21-tune-mjcf-claude-code-k6/tune-mjcf__z7Nm4kg/result.json,453.899,30.957,1.525,354.459,56.638,830804,830656,16860,True,harbor_agent_result,847664,148,17008,,,,,,,,,,,,,,,,,,,,85658,38
video-processing,without Meta-Harness,claude-code+kimi-k2.6,video-processing__WQp4fB8,failed,False,0.0,,True,False,/Users/hugo/Desktop/super-refactor/harbor/runs/tb21-kimi-k26-local-019e737a-colima16g-proxy/jobs/tb21-video-processing-claude-code-k6/video-processing__WQp4fB8/result.json,2087.907,81.009,1.559,1904.59,90.522,10183084,10182456,164378,True,harbor_agent_result,10347462,628,165006,,,,,,,,,,,,,,,,,,,,3940387,158
vulnerable-secret,without Meta-Harness,claude-code+kimi-k2.6,vulnerable-secret__TNHvQTe,passed,True,1.0,,True,False,/Users/hugo/Desktop/super-refactor/harbor/runs/tb21-kimi-k26-local-019e737a-colima16g-proxy/jobs/tb21-vulnerable-secret-claude-code-k6/vulnerable-secret__TNHvQTe/result.json,190.307,56.181,1.685,84.717,37.516,373711,373627,5946,True,harbor_agent_result,379657,84,6030,,,,,,,,,,,,,,,,,,,,64199,22
winning-avg-corewars,without Meta-Harness,claude-code+kimi-k2.6,winning-avg-corewars__AVWqWtr,passed,True,1.0,,True,False,/Users/hugo/Desktop/super-refactor/harbor/runs/tb21-kimi-k26-local-019e737a-colima16g-proxy/jobs/tb21-winning-avg-corewars-claude-code-k6/winning-avg-corewars__AVWqWtr/result.json,1216.115,131.597,1.489,1046.692,26.081,3965344,3964944,134413,True,harbor_agent_result,4099757,400,134813,,,,,,,,,,,,,,,,,,,,328554,101
write-compressor,without Meta-Harness,claude-code+kimi-k2.6,write-compressor__TnHd2go,timeout_failure,False,0.0,AgentTimeoutError,True,True,/Users/hugo/Desktop/super-refactor/harbor/runs/tb21-kimi-k26-local-019e737a-colima16g-proxy/jobs/tb21-write-compressor-claude-code-k6/write-compressor__TnHd2go/result.json,1028.553,83.394,1.537,900.004,33.365,12,0,462,True,harbor_agent_result,474,12,474,,,,,,,,,,,,,,,,,,,,16897,4
write-compressor,with Meta-Harness,kimi-code+kimi-for-coding,write-compressor__eSjPkhV,timeout_failure,False,0.0,AgentTimeoutError,True,True,/Users/hugo/Projects/Harness-TrajecDebug/artifacts/harbor-runs/tb21-write-compressor-kimicode-with-metaharness-20260610T224421/write-compressor__eSjPkhV/result.json,1063.287,107.072,0.001,900.011,45.423,55361,36864,29642,True,kimi_session_wire,85003,18497,48139,,session_7dd0804e-43c4-4969-8e1d-633933ee1e3d,/Users/hugo/.kimi-code/sessions/wd_kimi-code_6eeaa524c450/session_7dd0804e-43c4-4969-8e1d-633933ee1e3d/agents/main/wire.jsonl,2,18497,36864,0,2201.0,2201.0,408687.0,408687.0,817374,17119,13422,1141,14563,,,,,
